"Filename","Note","Type","target_id"
"JPEG_20211124_103935_3854794584033539601.jpg",,"2","34"
"JPEG_20211124_104147_3067396838109590315.jpg",,"2","35"
"JPEG_20211124_104434_236668251147037149.jpg",,"2","36"
"JPEG_20220114_142328_2478536031770433008.jpg",,"2","44"
"JPEG_20220114_142759_7403587025077609400.jpg",,"2","47"
"JPEG_20220114_143439_6807329222829703085.jpg",,"2","48"
"JPEG_20220114_143757_7088274974428920851.jpg",,"2","49"
"JPEG_20220114_143928_1732681283422507966.jpg",,"2","50"
"JPEG_20220114_144114_733983228785357304.jpg",,"2","51"
"JPEG_20220114_144200_3602053937056506106.jpg",,"2","42"
"JPEG_20220114_144322_5005709860148712666.jpg",,"2","52"
"JPEG_20220127_105809_2696953138619390863.jpg",,"2","68"
"JPEG_20220328_143017_8843528160814826138.jpg",,"2","72"
"JPEG_20220526_104055_2208529433045016276.jpg",,"2","75"
"JPEG_20220831_183433_1867118600846302024.jpg",,"2","80"
"JPEG_20230704_134925_2333878694875979472.jpg",,"2","93"
"JPEG_20230909_113738_5848498694061562814.jpg",,"2","96"
"JPEG_20230909_113738_2719541601414274471.jpg",,"2","96"
"JPEG_20240112_113127_8806321445284443961.jpg",,"2","102"
"JPEG_20250422_180907_8190847269341014262.jpg",,"2","125"
